{
  "hash": "25373cb6",
  "configHash": "94c42cb8",
  "lockfileHash": "a8d67c1a",
  "browserHash": "ca9914fb",
  "optimized": {
    "@angular/core": {
      "src": "../../../../../../node_modules/@angular/core/fesm2022/core.mjs",
      "file": "@angular_core.js",
      "fileHash": "0d193563",
      "needsInterop": false
    },
    "@angular/platform-browser": {
      "src": "../../../../../../node_modules/@angular/platform-browser/fesm2022/platform-browser.mjs",
      "file": "@angular_platform-browser.js",
      "fileHash": "4283ccd7",
      "needsInterop": false
    },
    "@angular/router": {
      "src": "../../../../../../node_modules/@angular/router/fesm2022/router.mjs",
      "file": "@angular_router.js",
      "fileHash": "01b19e1b",
      "needsInterop": false
    }
  },
  "chunks": {
    "chunk-UEHNUMPX": {
      "file": "chunk-UEHNUMPX.js"
    },
    "chunk-2WBDY7DO": {
      "file": "chunk-2WBDY7DO.js"
    }
  }
}