{
  "hash": "7e9f9285",
  "configHash": "4f10b020",
  "lockfileHash": "f12d3dc5",
  "browserHash": "080c8fe5",
  "optimized": {
    "@angular/core": {
      "src": "../../../../../../node_modules/@angular/core/fesm2022/core.mjs",
      "file": "@angular_core.js",
      "fileHash": "ba04035e",
      "needsInterop": false
    },
    "@angular/platform-browser": {
      "src": "../../../../../../node_modules/@angular/platform-browser/fesm2022/platform-browser.mjs",
      "file": "@angular_platform-browser.js",
      "fileHash": "02d0f7c1",
      "needsInterop": false
    },
    "@angular/router": {
      "src": "../../../../../../node_modules/@angular/router/fesm2022/router.mjs",
      "file": "@angular_router.js",
      "fileHash": "8c0dd426",
      "needsInterop": false
    },
    "@angular/common": {
      "src": "../../../../../../node_modules/@angular/common/fesm2022/common.mjs",
      "file": "@angular_common.js",
      "fileHash": "5d5b6517",
      "needsInterop": false
    }
  },
  "chunks": {
    "chunk-DUVXK7QC": {
      "file": "chunk-DUVXK7QC.js"
    },
    "chunk-Y2U6TCU2": {
      "file": "chunk-Y2U6TCU2.js"
    },
    "chunk-KT3ROZER": {
      "file": "chunk-KT3ROZER.js"
    }
  }
}