{
  "hash": "09d02168",
  "configHash": "782814f6",
  "lockfileHash": "18287ce2",
  "browserHash": "993e8250",
  "optimized": {
    "@angular/core": {
      "src": "../../../../../../node_modules/@angular/core/fesm2022/core.mjs",
      "file": "@angular_core.js",
      "fileHash": "242e088e",
      "needsInterop": false
    },
    "@angular/platform-browser": {
      "src": "../../../../../../node_modules/@angular/platform-browser/fesm2022/platform-browser.mjs",
      "file": "@angular_platform-browser.js",
      "fileHash": "2a06d8a5",
      "needsInterop": false
    },
    "@angular/router": {
      "src": "../../../../../../node_modules/@angular/router/fesm2022/router.mjs",
      "file": "@angular_router.js",
      "fileHash": "0c90c522",
      "needsInterop": false
    }
  },
  "chunks": {
    "chunk-UEHNUMPX": {
      "file": "chunk-UEHNUMPX.js"
    },
    "chunk-2WBDY7DO": {
      "file": "chunk-2WBDY7DO.js"
    }
  }
}